{
  "train_loss": [
    0.4971267790818701,
    0.3079620625595657,
    0.22679967399002338,
    0.17670153203059216,
    0.12998653119620013,
    0.09335762304158843,
    0.081697488830862,
    0.0587917512700874,
    0.04604063990849013,
    0.039145446315939934,
    0.029054690969689767,
    0.02323322836784836,
    0.020884754559101194,
    0.019224115428799878,
    0.015667394152842462,
    0.02234525196919484,
    0.014241117330705176,
    0.013956993663854594,
    0.010585133939012125,
    0.012842166490261252
  ],
  "val_loss": [
    0.35403041005134583,
    0.30330381989479066,
    0.2885802513360977,
    0.2970381659269333,
    0.2878962349891663,
    0.2983648955821991,
    0.3127662980556488,
    0.31437079787254335,
    0.3222097593545914,
    0.3281778573989868,
    0.3352943426370621,
    0.35273925960063934,
    0.3558799397945404,
    0.3600281643867493,
    0.3631818675994873,
    0.38353811860084536,
    0.363171826004982,
    0.37026933550834656,
    0.37283906489610674,
    0.368269699215889
  ],
  "train_acc": [
    0.7551513200257566,
    0.8784610431423052,
    0.9146812620734063,
    0.9410817772054089,
    0.9631358660656794,
    0.9721506761107533,
    0.9769800386349002,
    0.9864777849323889,
    0.989375402446877,
    0.99243399871217,
    0.9948486799742434,
    0.9971023824855119,
    0.9961365099806826,
    0.9966194462330973,
    0.9974243399871217,
    0.9980682549903412,
    0.9982292337411461,
    0.9982292337411461,
    0.9991951062459755,
    0.9982292337411461
  ],
  "val_acc": [
    0.8661518661518661,
    0.8745173745173745,
    0.8803088803088803,
    0.8725868725868726,
    0.8777348777348777,
    0.8758043758043758,
    0.8738738738738738,
    0.8770913770913771,
    0.8803088803088803,
    0.8706563706563707,
    0.8815958815958816,
    0.8745173745173745,
    0.8758043758043758,
    0.8764478764478765,
    0.8725868725868726,
    0.8661518661518661,
    0.8758043758043758,
    0.8732303732303732,
    0.87001287001287,
    0.8803088803088803
  ]
}