{
  "train_loss": [
    0.5668724133652083,
    0.37542382034720206,
    0.3048790921362079,
    0.25827107228794877,
    0.21913732930409666,
    0.1897463061827786,
    0.16505062268400678,
    0.1458405330016905,
    0.1081984256375201,
    0.08935889236781062,
    0.07551945515014992,
    0.09011972503622576,
    0.07239399351445693,
    0.054482417409213224,
    0.06497114050981341,
    0.06748262947729351,
    0.07261735540505841,
    0.04234786012342998,
    0.040743690433113704,
    0.04536166635094857
  ],
  "val_loss": [
    0.44164520263671875,
    0.38472734808921816,
    0.35346951365470886,
    0.34500724971294405,
    0.3579782402515411,
    0.347041580080986,
    0.3633395326137543,
    0.3657895290851593,
    0.3731247991323471,
    0.37880983591079714,
    0.3601083320379257,
    0.4128298199176788,
    0.40559374749660493,
    0.3896173530817032,
    0.42131795406341555,
    0.38734468579292297,
    0.3871815371513367,
    0.4129163336753845,
    0.43141271591186525,
    0.3942508983612061
  ],
  "train_acc": [
    0.7353509336767546,
    0.8506117192530586,
    0.8773341918866709,
    0.8990663232453316,
    0.9172569220862846,
    0.936413393432067,
    0.9446233097231166,
    0.9536381197681906,
    0.9649066323245331,
    0.9745653573728268,
    0.9789117836445589,
    0.9768190598840953,
    0.9869607211848036,
    0.986316806181584,
    0.9884095299420477,
    0.9887314874436575,
    0.9909851899549259,
    0.9940437862202189,
    0.9929169349645847,
    0.9917900837089504
  ],
  "val_acc": [
    0.8410553410553411,
    0.8487773487773488,
    0.8597168597168597,
    0.8770913770913771,
    0.8648648648648649,
    0.8635778635778636,
    0.8745173745173745,
    0.8655083655083655,
    0.8745173745173745,
    0.8796653796653797,
    0.8712998712998713,
    0.8758043758043758,
    0.8738738738738738,
    0.8758043758043758,
    0.8719433719433719,
    0.8745173745173745,
    0.8667953667953668,
    0.8770913770913771,
    0.8758043758043758,
    0.8796653796653797
  ]
}